,source_term,mapped_term,confidence_score
0,accessrightinproduct,productprovidername,0.6423755373273577
1,accessrightinproduct,displayableproductdescription,0.6382277458906174
2,accessrightinproduct,productdescription,0.6376723448435465
3,agencies,individualtransport,0.6223798990249634
4,agencies,transportationservice,0.6223798990249634
5,agencies,diningcaravailability,0.5844742059707642
6,agencyfareurl,onlinebooking,0.6042252268110003
7,agencyfareurl,bookingclass,0.5948108945574079
8,agencyfareurl,datetime,0.5912874341011047
9,agencyid,bankid,0.6660184860229492
10,agencyid,datetime,0.6363698840141296
11,agencyid,eventdatetime,0.6363698840141296
12,agencylang,minimumconnectiontime,0.5693540573120117
13,agencylang,bankid,0.5658605098724365
14,agencylang,userid,0.5658605098724365
15,agencyname,cardholdername,0.7233911355336508
16,agencyname,cityname,0.7206331253051758
17,agencyname,errorname,0.7159934043884277
18,agencyphone,username,0.6495725711186727
19,agencyphone,streetaddress,0.6436091065406799
20,agencyphone,bankname,0.6381224393844604
21,agencytimezone,username,0.666912317276001
22,agencytimezone,commercialname,0.5906791289647421
23,agencytimezone,productdescription,0.5868405103683472
24,agencyurl,username,0.5923017024993896
25,agencyurl,bankid,0.5768501162528992
26,agencyurl,userid,0.5634439063794685
27,borderpoint,endpoint,0.6931372582912445
28,borderpoint,fortransportmode,0.6264665722846985
29,borderpoint,fortransportationservice,0.5741063356399536
30,cell,globalquotation,0.6232160925865173
31,cell,preferredcarriertype,0.5968602498372396
32,cell,reference,0.5826156139373779
33,chargingmoment,timeunit,0.7107979456583658
34,chargingmoment,minimumelapsedtraveltime,0.7104229927062988
35,chargingmoment,averageelapsedtraveltime,0.7051564852396647
36,connections,triplestoreconnection,0.6354731718699137
37,connections,routelink,0.6163381576538086
38,connections,routelinksegment,0.6073336968055139
39,direction,forroutelink,0.7966395616531372
40,direction,nextroutelink,0.7966395616531372
41,direction,formetaroute,0.5932790637016296
42,distribution,diningcaravailability,0.6493033170700073
43,distribution,newspapersavailability,0.6493033170700073
44,distribution,travelexpertontologyschemaimporter,0.5879999399185181
45,distributionassignment,format,0.5747604370117188
46,distributionassignment,eventssourceprovider,0.5589830875396729
47,distributionassignment,offeritemprovider,0.5544387698173523
48,distributionchannel,formetaroute,0.5666509866714478
49,distributionchannel,preferredcarriertype,0.5466071367263794
50,distributionchannel,productprovider,0.5427683591842651
51,elements,bookingelement,0.723546584447225
52,elements,bookingelementid,0.7080402374267578
53,elements,tappingmoduledescription,0.5981339812278748
54,fareframe,farerule,0.6960247703220533
55,fareframe,fareproductdescription,0.6897814614432198
56,fareframe,fareproductevent,0.6562037748448989
57,fareprice,fareproductdescription,0.7389047622680665
58,fareprice,price,0.6710513830184937
59,fareprice,farerule,0.6617003440856933
60,fareproduct,productdescription,0.7564405202865601
61,fareproduct,displayableproductdescription,0.7464932203292847
62,fareproduct,productprovidername,0.738095223903656
63,fareproductprice,fareproductdescription,0.7232851982116699
64,fareproductprice,fareproductevent,0.7144393920898438
65,fareproductprice,productprovider,0.7029457092285156
66,fareproducts,productprovider,0.721812629699707
67,fareproducts,fareproductdescription,0.7129023551940918
68,fareproducts,fareproduct,0.7111972070509388
69,farescheduledstoppoint,fareproductevent,0.696511173248291
70,farescheduledstoppoint,hasfarerule,0.6964278153010777
71,farescheduledstoppoint,startingat,0.6943846344947815
72,faresection,hasfarerule,0.6964278153010777
73,faresection,hasappliablefarerule,0.6845257895333425
74,faresection,farerule,0.6756784915924072
75,farestructureelement,farebasis,0.6907146998814174
76,farestructureelement,eventssourcename,0.5346935391426086
77,farestructureelementinsequence,farebasis,0.6952086289723715
78,farestructureelementinsequence,eventssourcename,0.5346935391426086
79,farestructureelementprice,farerule,0.679210901260376
80,farestructureelementprice,bookingelement,0.67644202709198
81,farestructureelementprice,fareproductevent,0.6615470739511343
82,farestructurefactor,fareruledescription,0.7445925303867885
83,farestructurefactor,bookingelement,0.7171144485473633
84,farestructurefactor,faretype,0.7154449116099965
85,farestructurefactorref,farebasis,0.6941983699798584
86,farestructurefactors,faretype,0.7092583520071847
87,farestructurefactors,fareruledescription,0.6946908950805664
88,farestructurefactors,farerule,0.6884615761893136
89,farezone,forroutelink,0.7932280699412028
90,farezone,nextroutelink,0.7915517489115397
91,farezone,refroutelink,0.7896400690078735
92,farezones,routesqueryresponse,0.8033759593963623
93,farezones,routelink,0.8000690142313639
94,farezones,reroutingmessage,0.7896400690078735
95,flexibleline,ontransportline,0.7284471988677979
96,flexibleline,availabilitysolution,0.5544501543045044
97,flexibleline,ancillaryservice,0.5233061909675598
98,flexibleroute,refroutelink,0.7759706974029541
99,flexibleroute,metaroute,0.7446921136644151
100,flexibleroute,formetaroute,0.7422117657131619
101,flexibleservice,webservicedescriptor,0.7485065460205078
102,flexibleservice,transportationservice,0.7067759037017822
103,flexibleservice,transportserviceprovider,0.6599308252334595
104,frames,seat,0.581786823272705
105,frames,seattype,0.581786823272705
106,frames,userrole,0.574609637260437
107,generalframe,fortransportmode,0.5793918967247009
108,generalframe,tappingmoduledescription,0.5648945967356364
109,generalframe,refitineraryofferitem,0.5647181510925293
110,geographical,locationquery,0.6291571855545044
111,geographical,location,0.610778991992657
112,geographical,locationsgraphmanager,0.5977995991706848
113,geographicalinterval,locationname,0.5772318840026855
114,geographicalinterval,duration,0.57428377866745
115,geographicalinterval,statisticaldataprovidername,0.5725430846214294
116,geographicalintervalprice,value,0.7053928375244141
117,geographicalintervalprice,locationname,0.5772318840026855
118,geographicalintervalprice,duration,0.57428377866745
119,geographicalstructurefactor,locationname,0.6135387420654297
120,geographicalstructurefactor,statisticaldataprovidername,0.5725430846214294
121,geographicalstructurefactor,eventssourcename,0.5346935391426086
122,geographicalunit,unitsavailable,0.7159901618957519
123,geographicalunit,timeunit,0.7122360229492187
124,geographicalunit,locationname,0.6185092329978943
125,infrastructureframe,networkstatistics,0.5654447674751282
126,infrastructureframe,accesssystemid,0.5508695840835571
127,infrastructureframe,fortransportmode,0.5370902419090271
128,interchange,forroutelink,0.5366833891187396
129,interchange,nextroutelink,0.532201886177063
130,interchangerule,farerule,0.7074847221374512
131,interchangerule,forroutelink,0.5361517270406088
132,interchangerule,nextroutelink,0.5240799188613892
133,journey,refjourney,0.7201915154090295
134,journey,providingtrackingforjourney,0.6927852215974227
135,journey,journey,0.6694588349244305
136,journeyinterchange,journey,0.6858382353911529
137,journeyinterchange,metajourney,0.6702940710659685
138,journeyinterchange,travelepisode,0.6694061756134033
139,journeymeeting,refjourney,0.718684890053489
140,journeymeeting,providingtrackingforjourney,0.6793104648590088
141,journeymeeting,journey,0.6577184069287646
142,journeypart,refjourney,0.7124737898508707
143,journeypart,providingtrackingforjourney,0.6892736979893276
144,journeypart,journey,0.6634952000209263
145,journeypartcouple,refjourney,0.6997958024342855
146,journeypartcouple,providingtrackingforjourney,0.6785173416137695
147,journeypartcouple,journey,0.6571688705615784
148,journeypattern,refjourney,0.7289215723673502
149,journeypattern,forroutelink,0.7065113385518392
150,journeypattern,nextroutelink,0.7065113385518392
151,journeypatterns,journey,0.6566238403320312
152,journeypatterns,metajourney,0.6522738138834635
153,journeypatterns,travelepisode,0.6231441497802734
154,journeys,refjourney,0.6895269870758056
155,journeys,providingtrackingforjourney,0.6878990445818219
156,journeys,metajourneyorigin,0.6589718895989496
157,line,ontransportline,0.7660609245300293
158,line,fareproductdescription,0.586333711942037
159,line,preferredcarriertype,0.5666197141011556
160,lines,transportline,0.6893171310424805
161,lines,diningcaravailability,0.589361846446991
162,lines,newspapersavailability,0.589361846446991
163,link,hasnextroutelink,0.6789626289890375
164,link,forroutelink,0.6713179835566768
165,link,refroutelink,0.6641469478607178
166,linkinlinksequence,routelinksegmentnumber,0.662291125247353
167,linkinlinksequence,query,0.6320251822471619
168,linkinlinksequence,minimumconnectiontime,0.6174843311309814
169,linkref,forroutelink,0.7654564380645752
170,linkref,nextroutelink,0.7540005207061767
171,linkref,refitineraryofferitem,0.7295882485129617
172,linkrefbyvalue,forroutelink,0.7509146213531495
173,linkrefbyvalue,nextroutelink,0.739458703994751
174,linkrefbyvalue,optionvalue,0.7366394400596619
175,links,routelink,0.6660136020544803
176,links,routelinksegment,0.6528827525951244
177,links,triplestoreconnection,0.612424373626709
178,linksequence,routelink,0.6919116559235946
179,linksequence,routelinksegment,0.6814957194858127
180,linksequence,ontology,0.5700857043266296
181,linksequenceref,routelinksegmentnumber,0.7547587156295776
182,linksequenceref,minimumconnectiontime,0.5380095839500427
183,logicaldisplay,type,0.640099048614502
184,logicaldisplay,optionvalue,0.636702835559845
185,logicaldisplay,locationcode,0.6329693794250488
186,logicaldisplays,logicaltopology,0.6443684697151184
187,logicaldisplays,ifresourceapproval,0.6417922973632812
188,logicaldisplays,optionvalue,0.636702835559845
189,meetingrestriction,farerule,0.5421726703643799
190,networkelements,networkstatistics,0.6931769297673152
191,networkelements,travelepisodeendpoint,0.6709649562835693
192,networkelements,bookingelement,0.664588451385498
193,networkrestrictions,networkstatistics,0.7538245916366577
194,networkrestrictions,restriction,0.6545272517848659
195,networkrestrictions,farerule,0.5421726703643799
196,overtakingpossibility,searchoption,0.625612199306488
197,overtakingpossibility,optionvalue,0.5701448917388916
198,parkingchargeband,ancillaryservice,0.6115176677703857
199,parkingchargeband,requestedlocation,0.5991863012313843
200,parkingchargeband,relatedlocation,0.598356564839681
201,parkingprice,price,0.6692726044427781
202,parkingprice,salespolicies,0.5849922895431519
203,parkingprice,ancillaryservice,0.5270456075668335
204,passengerinformationequipment,offeredproduct,0.8410015106201172
205,passengerinformationequipment,legalinformation,0.7409754962455936
206,passengerinformationequipment,reservation,0.6913645084087665
207,place,stopplacename,0.6963694436209542
208,places,stopplace,0.6768092632293701
209,places,location,0.6640862056187221
210,places,stopplacecode,0.6510681509971619
211,point,bankname,0.5983081459999084
212,point,timezoneoffset,0.5925562779108683
213,point,internalreference,0.5728638172149658
214,pointinlinksequence,routelinksegmentnumber,0.6848033024714544
215,pointinlinksequence,query,0.6462306976318359
216,pointinlinksequence,responsetext,0.6134898662567139
217,pricegroup,price,0.658828291782113
218,pricegroup,salespolicies,0.6127712385995048
219,pricegroup,locationcode,0.6020052433013916
220,pricegroups,price,0.6881717136928014
221,pricegroups,guaranteedpricebooking,0.6663623537336077
222,pricegroups,newspapersavailability,0.6339888572692871
223,priceunit,price,0.6517350456931374
224,priceunit,salespolicies,0.6359909375508627
225,priceunit,optionvalue,0.5344217419624329
226,pricing,price,0.6448154951396742
227,pricing,guaranteedpricebooking,0.6418882097516742
228,pricing,productprovider,0.5608270764350891
229,products,fareproductdescription,0.6730304445539202
230,products,fareproduct,0.6654038178293329
231,products,productprovider,0.6238578484982861
232,railwayelement,bookingelement,0.7452166875203451
233,railwayelement,ontransportline,0.6035073932848478
234,railwayelement,fortransportationservice,0.5455842812856039
235,railwayjunction,ontransportline,0.5934530893961588
236,railwayjunction,nextroutelink,0.567330559094747
237,railwayjunction,quay,0.5051027536392212
238,ref,refitineraryofferitem,0.7354392210642496
239,ref,reftransportserviceprovider,0.7287792792687049
240,ref,reftoifresourceapproval,0.725475379398891
241,resourceframe,rdfresource,0.6348598268296983
242,roadelement,bookingelement,0.7216268266950335
243,roadelement,type,0.6049336791038513
244,roadelement,endpoint,0.5655123591423035
245,roadjunction,nextroutelink,0.602479362487793
246,roadjunction,ontransportline,0.5508569478988647
247,roadjunction,quay,0.5185742974281311
248,route,metaroute,0.6864811049567329
249,route,formetaroute,0.6834246847364638
250,route,nextroutelink,0.6757287418141085
251,routelink,refroutelink,0.7239905909488076
252,routelink,metaroute,0.7172331809997559
253,routelink,formetaroute,0.7137047449747721
254,routepoint,endpoint,0.7174647649129232
255,routepoint,metaroute,0.7026037488664899
256,routepoint,formetaroute,0.7002662931169782
257,routes,reroutingmessage,0.7773739695549011
258,routes,routesquery,0.6807040434617263
259,routes,routesqueryresponse,0.6659294764200846
260,salesnoticeassignment,salesconditionsdescription,0.7076950867970785
261,salesnoticeassignment,aftersalescondition,0.6433581624712262
262,salesnoticeassignment,minimumconnectiontime,0.5038697123527527
263,salespackage,salespolicies,0.7064451641506619
264,salespackage,postsalesprocess,0.6791187013898577
265,salespackage,aftersalescondition,0.6626659393310547
266,salespackageelement,bookingelement,0.7312971115112304
267,salespackageelement,postsalesprocess,0.7121672100490994
268,salespackageelement,aftersalescondition,0.7044727537367079
269,salespackageprice,salesconditionsdescription,0.7181582927703858
270,salespackageprice,aftersalescondition,0.6848723671653054
271,salespackageprice,value,0.6684513092041016
272,salespackages,postsalesprocess,0.717473316192627
273,salespackages,salesconditions,0.7142047882080078
274,salespackages,diningcaravailability,0.5628319978713989
275,salespackagesubstitution,aftersalescondition,0.6562113165855408
276,salespackagesubstitution,value,0.6456747055053711
277,salespackagesubstitution,salesconditionsdescription,0.6445796224806044
278,salestransaction,reftransactionid,0.6779869397481283
279,salestransaction,postsalesprocess,0.6760561466217041
280,salestransaction,salescondition,0.6668909390767416
281,scheduledstoppoint,refstopplace,0.7046782493591308
282,scheduledstoppoint,endpoint,0.6987623373667399
283,scheduledstoppoint,startingat,0.6932654976844788
284,seriesconstraint,hasfarerule,0.6964278153010777
285,seriesconstraint,hasappliablefarerule,0.6845257895333425
286,service,transportationservice,0.678679717214484
287,service,servicequality,0.6717437108357748
288,service,ancillaryservice,0.6614997046334403
289,servicecalendarframe,ancillaryservice,0.7273723483085632
290,servicecalendarframe,servicequality,0.6867851416269938
291,servicecalendarframe,transportserviceproviderid,0.6627760330835978
292,serviceframe,fortransportationservice,0.7318229145473905
293,serviceframe,servicequality,0.7006466048104423
294,serviceframe,ancillaryservice,0.6946317499334161
295,servicelink,fortransportationservice,0.7523780465126038
296,servicelink,servicequality,0.7313601705763075
297,servicelink,ancillaryservice,0.7254330846998427
298,servicepattern,fortransportationservice,0.7160495758056641
299,servicepattern,servicequality,0.7074681917826334
300,servicepattern,ancillaryservice,0.6868838469187418
301,site,locationcode,0.6537694931030273
302,site,reflocationquery,0.6365047693252563
303,site,relatedlocation,0.6206384071936975
304,siteframe,locationcode,0.6759668191274008
305,siteframe,reflocationquery,0.6751445929209391
306,siteframe,relatedlocation,0.6493451860215929
307,sites,locationsgraphmanager,0.6341695189476013
308,sites,locationsqueryresponse,0.633089828491211
309,sites,eventssourcegraphmanager,0.6275508403778076
310,stoppointinjourneypattern,metaroute,0.7684024572372437
311,stoppointinjourneypattern,formetaroute,0.7633134126663208
312,stoppointinjourneypattern,nextroutelink,0.7375897169113159
313,time,endpoint,0.5553937554359436
314,time,atstopplace,0.528205394744873
315,time,nearby,0.528205394744873
316,timedemandtype,messagetype,0.7184000015258789
317,timedemandtype,type,0.7155832402846393
318,timedemandtype,classtype,0.7103981971740723
319,timeinterval,enddatetime,0.7480558554331461
320,timeinterval,timeunit,0.7351242701212565
321,timeinterval,minimumelapsedtraveltime,0.7347492376963297
322,timeintervalprice,enddatetime,0.7264521916707357
323,timeintervalprice,value,0.7151207129160563
324,timeintervalprice,timeunit,0.7135205268859863
325,timestructurefactor,eventssourcename,0.5346935391426086
326,timetableframe,datetime,0.7208738327026367
327,timetableframe,enddatetime,0.7208738327026367
328,timetableframe,startdatetime,0.7208738327026367
329,timetableframeidtype,faretype,0.7191323439280192
330,timetableframeidtype,preferredcarriertype,0.7178111871083578
331,timetableframeidtype,classtype,0.7154062271118165
332,timetableframerefstructure,messageref,0.7081035267223011
333,timetableframerefstructure,coachstation,0.5851893424987793
334,timetables,datetime,0.6710421442985535
335,timetables,enddatetime,0.6710421442985535
336,timetables,startdatetime,0.6710421442985535
337,timeunit,timeunit,0.7917536926269532
338,timeunit,enddatetime,0.7597610950469971
339,timeunit,minimumelapsedtraveltime,0.7464544773101807
340,timinglink,forroutelink,0.6817795435587565
341,timinglink,nextroutelink,0.6812132358551025
342,timinglink,refroutelink,0.6793538502284459
343,timinglinkinjourneypattern,metajourneyorigin,0.7331066131591797
344,timinglinkinjourneypattern,metaroute,0.7166595935821534
345,timinglinkinjourneypattern,metajourney,0.7127408027648926
346,timingpattern,type,0.6886466145515442
347,timingpattern,refitineraryofferitem,0.6818975210189819
348,timingpattern,metajourney,0.6079127788543701
349,timingpoint,endpoint,0.7515229497637067
350,timingpoint,refitineraryofferitem,0.6186122894287109
351,timingpoint,optionvalue,0.5718355178833008
352,timingpointinjourneypattern,metaroute,0.7684024572372437
353,timingpointinjourneypattern,formetaroute,0.7633134126663208
354,timingpointinjourneypattern,nextroutelink,0.7375897169113159
355,trainnumber,ontransportline,0.5571439663569132
356,trainnumber,fortransportationservice,0.513597309589386
357,trainnumber,fortransportmode,0.513597309589386
358,transactions,validationtransaction,0.6676843007405598
359,transactions,transactionid,0.6577646891276042
360,transactions,acceptedpaymentmode,0.5404258966445923
361,transfers,validationtransaction,0.6370882987976074
362,transfers,transactionid,0.6327924728393555
363,transfers,diningcaravailability,0.5030982494354248
364,travelspecification,metatravelexpertepisode,0.8103934526443481
365,travelspecification,travelepisodeendpoint,0.7243890762329102
366,travelspecification,reftravelexpert,0.7106062571207682
367,usageparameterprice,value,0.7151185989379882
368,usageparameterprice,username,0.5625611146291097
369,usageparameterprice,tappingmoduleversion,0.5567315816879272
370,usageparameters,consumptionmediumtype,0.5395677566528321
371,usageparameters,timestamp,0.5248477935791016
372,usageparameters,frequency,0.5237221717834473
373,vehicleservice,fortransportationservice,0.7101991971333822
374,vehicleservice,ancillaryservice,0.6878485679626465
375,vehicleservice,servicequality,0.6863601548331124
376,vehicleservices,transportationservice,0.7335095935397677
377,vehicleservices,servicequality,0.7304707633124458
378,vehicleservices,ancillaryservice,0.7276677555508084
379,vehicletypeatpoint,messagetype,0.7538885275522867
380,vehicletypeatpoint,type,0.7184222539265951
381,vehicletypeatpoint,endpoint,0.7141066551208496
382,wireelement,bookingelement,0.7044111092885336
383,wireelement,seattype,0.5964866876602173
384,wireelement,refitineraryofferitem,0.5911002159118652
385,wirejunction,nextroutelink,0.6158871650695801
386,wirejunction,messagetype,0.5925483107566833
387,wirejunction,globalquotation,0.5823396444320679
388,zone,preferredcarriertype,0.5902621746063232
389,zone,endpoint,0.5724837779998779
390,zone,seattype,0.5706899762153625
391,zoneref,refitineraryofferitem,0.7342524961991743
392,zoneref,reftransportserviceprovider,0.7154763539632162
393,zoneref,reftoifresourceapproval,0.7128525513869065
394,zones,urbantransport,0.5185671448707581
395,zones,ifuser,0.5155889391899109
396,zones,userrole,0.5155889391899109
