,source_term,mapped_term,confidence_score
0,anytype,servicejourney,0.8023533821105957
1,anytype,timinglink,0.7772428592046101
2,anytype,timinglinkinjourneypattern,0.7622182369232178
3,attribute,composedof,0.8791573445002239
4,attribute,operatedby,0.835982511440913
5,attribute,workedon,0.8138509790102642
6,bookingdeadline,requeststop,0.8776610195636749
7,bookinginforequeststructure,vehiclejourney,1.0
8,bookinginforequeststructure,vehicle,0.9999999701976776
9,bookinginforequeststructure,vehiclejourney,0.6
10,bookinginforesultstructure,dynamicstopassignment,1.0
11,bookinginforesultstructure,flexiblepoint,1.0
12,bookinginforesultstructure,linksequence,1.0
13,bookingurl,requeststop,0.8776609897613525
14,datedservicegroup,servicejourney,0.5487288951873779
15,datedservicegroup,stoppointinjourneypattern,0.5230933785438537
16,datedservicegroup,vehicle,0.4846089935302734
17,destination,runson,1.0
18,destination,journeypatternruntime,1.0
19,destination,journeypatternmadeupof,1.0
20,destinationstoppointref,daytypeassignment,1.0
21,destinationstoppointref,online,1.0
22,destinationstoppointref,passengerconnection,1.0
23,destinationtext,journeypatternruntime,1.0
24,destinationtext,destinationstop,0.754502534866333
25,destinationtext,originstop,0.7520159085591634
26,directionhint,directiontypeold,0.858613908290863
27,directionhint,directiontype,0.8062216758728027
28,directionhint,destinationdisplay,0.6038985848426819
29,distance,directiontype,0.9999999403953552
30,distance,passingtimetimingpoint,0.9999999403953552
31,distance,vehiclejourneys,0.9999999403953552
32,duration,time,1.0
33,duration,arrivaldayoffset,0.9999999403953552
34,duration,departuredayoffset,0.9999999403953552
35,endtime,layover,1.0
36,endtime,time,0.939319201878139
37,endtime,starttime,0.9158971493060772
38,extension,linenumber,0.7640124956766764
39,extension,linename,0.7083724141120911
40,facilitydescription,vehiclemodeid,1.0
41,facilitydescription,directiontype,0.8836164474487305
42,facilitydescription,holidaytype,0.8594652414321899
43,facilitystructure,servicefacilityset,0.7233520746231079
44,facilitystructure,timinglink,0.6
45,facilitystructure,journeypart,0.5999999642372131
46,farezonelistinareastructure,farepointinjourneypattern,1.0
47,farezonelistinareastructure,pointinjourneypattern,1.0
48,farezonelistinareastructure,stoppointinjourneypattern,1.0
49,farezonestructure,accesszone,0.8406315445899963
50,farezonestructure,stoparea,0.8131457567214966
51,farezonestructure,farepointinjourneypattern,0.7907636165618896
52,generalattributestructure,dynamicstopassignment,1.0
53,generalattributestructure,linksequence,1.0
54,generalattributestructure,vehicle,1.0
55,geoposition,inlinksequence,0.7694213390350342
56,geoposition,in,0.7468362535749163
57,geoposition,inscheme,0.7046422958374023
58,geopositionstructure,boardingposition,0.8384305238723755
59,geopositionstructure,point,0.6000000715255737
60,geopositionstructure,route,0.6000000715255737
61,individualroutelocationcontextstructure,point,1.0
62,individualroutelocationcontextstructure,timinglink,1.0
63,individualroutelocationcontextstructure,servicejourney,1.0
64,individualrouterequeststructure,journeypattern,1.0
65,individualrouterequeststructure,trip,1.0
66,individualrouterequeststructure,vehicle,1.0
67,individualtransportoptionsstructure,point,0.9999999701976776
68,individualtransportoptionsstructure,servicejourney,0.9999999701976776
69,individualtransportoptionsstructure,route,0.9168943961461384
70,infrastructurefacility,passengerconnection,1.0
71,infrastructurefacility,timinglink,1.0
72,infrastructurefacilitystructure,linksequence,1.0
73,infrastructurefacilitystructure,timinglink,1.0
74,infrastructurefacilitystructure,concept,0.9999999403953552
75,interchangeleg,passingtimetimingpoint,1.0
76,interchangeleg,vehiclejourneyroute,1.0
77,interchangeleg,vehiclepassingtime,1.0
78,interchangelegstructure,vehiclejourney,1.0
79,interchangelegstructure,garagepoint,1.0
80,interchangelegstructure,scheduledstoppoint,1.0
81,internationaltextstructure,timinglink,1.0
82,internationaltextstructure,day-type),0.9999999701976776
83,internationaltextstructure,point,0.6000000715255737
84,journeyref,waitpoint,0.8435091972351074
85,journeyref,waittime,0.8435091972351074
86,journeyref,trip,0.8435091972351074
87,journeyrefstructure,servicejourney,0.7694845994313558
88,journeyrefstructure,journeypattern,0.7635774612426758
89,journeyrefstructure,journey,0.761197566986084
90,legdescription,journeypatternpoint,0.9999999403953552
91,legend,destinationstop,1.0
92,legend,originstop,1.0
93,legend,startingat,0.8678944706916809
94,legid,order,0.7180079619089762
95,legstart,destinationstop,1.0
96,legstart,originstop,1.0
97,legstart,scheduledstoppoint,1.0
98,length,daytypeassignment,1.0
99,length,holidaytype,1.0
100,length,passingtimetimingpoint,1.0
101,linkdistance,daytypeassignment,1.0
102,linkdistance,defaultdeadrunruntime,1.0
103,linkdistance,destinationdisplay,1.0
104,location,destinationstop,1.0000001192092896
105,location,journeypatternpoint,1.0000001192092896
106,location,scheduledstoppoint,1.0000001192092896
107,locationdescription,vehiclemodeid,1.0
108,locationdescription,directiontype,0.8836164474487305
109,locationdescription,holidaytype,0.8594652414321899
110,locationname,destinationstop,1.0000001192092896
111,locationname,journeypatternpoint,1.0000001192092896
112,locationname,scheduledstoppoint,1.0000001192092896
113,locationref,startingat,1.0
114,locationref,timinglink,0.8905345797538757
115,locationrefstructure,stop-use-type),1.0
116,locationrefstructure,accesszone,0.7810691595077515
117,locationrefstructure,place,0.7810691595077515
118,maxduration,arrivaldayoffset,0.9999999403953552
119,maxduration,departuredayoffset,0.9999999403953552
120,maxduration,headway,0.9999999403953552
121,mindistance,day,0.9999999403953552
122,mindistance,daytypeassignment,0.9999999403953552
123,mindistance,destinationstop,0.9999999403953552
124,minduration,scheduledheadwayinterval,1.0
125,minduration,arrivaldayoffset,0.9999999403953552
126,minduration,departuredayoffset,0.9999999403953552
127,mode,vehiclejourneyroute,1.0
128,mode,journeypatternpoint,0.9999999403953552
129,mode,trip,0.9999999403953552
130,navigationpath,vehiclejourneyroute,1.0
131,navigationpath,online,0.8374786774317424
132,navigationpath,in,0.7116521199544271
133,navigationpathstructure,flexibleroute,1.0
134,navigationpathstructure,route,1.0
135,navigationpathstructure,route,0.6
136,navigationsection,in,0.7047466550554548
137,navigationsection,inscheme,0.6704649448394775
138,navigationsection,inlinksequence,0.5623154640197754
139,navigationsectionstructure,servicejourney,0.4837330055236816
140,navigationsectionstructure,route,0.3578800320625305
141,navigationsectionstructure,linksequence,0.3373892784118652
142,operatingdayref,determinedby,0.9999999701976776
143,operatingdayref,destinationstop,0.9999999403953552
144,operatingdayref,journeypatternpoint,0.9999999403953552
145,operatingdayrefstructure,deadrunpattern,1.0
146,operatingdayrefstructure,defaultdeadrunruntime,1.0
147,operatingdayrefstructure,defaultservicejourneyruntime,1.0
148,operatorrefstructure,operator,1.0
149,operatorrefstructure,servicefacilityset,1.0
150,operatorrefstructure,concept,0.9999999403953552
151,origin,runson,1.0
152,origin,journeypatternpoint,1.0
153,origin,timinglinkinjourneypattern,1.0
154,phonenumber,day,0.9999999403953552
155,phonenumber,destinationstop,0.9999999403953552
156,phonenumber,journeypatternpoint,0.9999999403953552
157,routedescription,daytypeassignment,1.0
158,routedescription,trip,1.0
159,routedescription,journeypatternpoint,0.8997875849405924
160,routeid,serviceday,0.8473978638648987
161,routeid,timelink,0.8473978638648987
162,routeid,timinglinkinjourneypattern,0.8473978638648987
163,routestructure,daytypeassignment,1.0
164,routestructure,faredaytype,1.0
165,routestructure,infrastructurepoint,1.0
166,service,vehiclejourneyroute,1.0
167,service,vehiclejourney,0.9999999403953552
168,service,vehiclejourneypart,0.9999999403953552
169,serviceattributestructure,accesszone,1.0
170,serviceattributestructure,dynamicstopassignment,1.0
171,serviceattributestructure,journeyfrequencygroup,1.0
172,servicedestination,daytypeassignment,1.0
173,servicedestination,defaultdeadrunruntime,1.0
174,servicedestination,faredaytype,1.0
175,servicegroup,flexiblepoint,0.9999999403953552
176,servicegroup,flexibleroute,0.9999999403953552
177,servicegroup,journey,0.9999999403953552
178,servicesectionstructure,infrastructurepoint,1.0
179,servicesectionstructure,linksequence,1.0
180,servicesectionstructure,timinglink,1.0
181,servicestatus,defaultdeadrunruntime,1.0
182,servicestatus,destinationdisplay,1.0
183,servicestatus,destinationdisplayvariant,1.0
184,starttime,layover,1.0
185,starttime,starttime,0.945550282796224
186,starttime,time,0.9319378534952799
187,stoppoint,destinationdisplay,1.0
188,stoppoint,destinationdisplayvariant,1.0
189,stoppoint,journey,1.0
190,stoppointcode,defaultdeadrunruntime,1.0
191,stoppointcode,destinationdisplay,1.0
192,stoppointcode,journeypatternruntime,1.0
193,stoppointcodetype,time,1.0
194,stoppointcodetype,timelink,1.0
195,stoppointcodetype,linenumber,0.8898007273674011
196,stoppointrefstructure,deadrun,1.0
197,stoppointrefstructure,journeypattern,1.0
198,stoppointrefstructure,vehicle,1.0
199,stopseqintervalgroup,daytypeassignment,1.0
200,stopseqintervalgroup,faredaytype,1.0
201,stopseqintervalgroup,flexibleroute,1.0
202,stopseqnumber,arrivaldayoffset,0.9999999403953552
203,stopseqnumber,departuredayoffset,0.9999999403953552
204,stopseqnumber,headway,0.9999999403953552
205,tripid,timelink,1.0
206,tripid,layover,0.8455183506011963
207,tripid,serviceday,0.8455183506011963
208,tripleg,defaultdeadrunruntime,1.0
209,tripleg,online,1.0
210,tripleg,scheduledstoppoint,1.0
211,triplegidref,arrivaltime,1.0
212,triplegidref,departuretime,1.0
213,triplegidref,order,0.7904453277587891
214,triplegrangegroup,daytype,1.0
215,triplegrangegroup,accessmode,0.9999999403953552
216,triplegrangegroup,beaconpoint,0.9999999403953552
217,triplegstructure,dynamicstopassignment,1.0
218,triplegstructure,linksequence,1.0
219,triplegstructure,scheduledstoppoint,1.0
220,tripstructure,route,1.0
221,tripstructure,dynamicstopassignment,1.0
222,tripstructure,linksequence,1.0
223,unplanned,departuretime,1.0
224,unplanned,requeststop,0.5860201120376587
225,unplanned,waitpoint,0.5860201120376587
226,vehiclefacility,blockpart,0.9999999403953552
227,vehiclefacility,vehiclejourneys,0.8768850326538086
228,vehiclefacility,directiontype,0.873267412185669
229,vehiclefacilitystructure,blockpart,0.9999999403953552
230,vehiclefacilitystructure,concept,0.9999999403953552
231,vehiclefacilitystructure,conceptscheme,0.9999999403953552
232,vehiclepositionstructure,activationpoint,0.9999999403953552
233,vehiclepositionstructure,headwayinterval,0.9999999403953552
234,vehiclepositionstructure,daytype,0.8693872690200806
235,vehicleref,maximumheadwayinterval,0.9999999403953552
236,vehicleref,minimumheadwayinterval,0.9999999403953552
237,vehicleref,passingtimetimingpoint,0.9999999403953552
238,vehiclerefstructure,activationpoint,0.9999999403953552
239,vehiclerefstructure,headwayinterval,0.9999999403953552
240,vehiclerefstructure,trafficcontrolpoint,0.8605140844980875
