,source_term,mapped_term,confidence_score
0,anytype,route,0.7571966307503837
1,anytype,journeypattern,0.74240813936506
2,anytype,journeypatternruntime,0.7279877305030823
3,attribute,madeusing,0.72601440819827
4,attribute,servicejourneyusingpattern,0.7118048198295363
5,attribute,trip,0.7008160452047985
6,bookingagencyname,aviewof,0.571569561958313
7,bookingagencyname,viewedas,0.5688244104385376
8,bookingagencyname,inlinksequence,0.5578871071338654
9,bookingdeadline,timinglinkpointsequence,0.5233489871025085
10,bookinginfo,at,0.5770705143610636
11,bookinginfo,startingat,0.5770705143610636
12,bookinginfo,prescribing,0.5754369894663492
13,bookinginforequest,allowedlinedirections,0.6072220802307129
14,bookinginforequest,vehiclemodeid,0.592888593673706
15,bookinginforequest,prescribing,0.5842314720153808
16,bookinginforequeststructure,servicejourney,0.6607517340244391
17,bookinginforequeststructure,allowedlinedirections,0.6100520406450544
18,bookinginforequeststructure,pointinlinksequence,0.6031247774759928
19,bookinginforesponse,allowedlinedirections,0.6336541970570883
20,bookinginforesponse,prescribing,0.6191795667012533
21,bookinginforesponse,vehiclemodeid,0.6169391473134359
22,bookinginforesponsestructure,route,0.612873219308399
23,bookinginforesponsestructure,allowedlinedirections,0.6066935539245606
24,bookinginforesponsestructure,pointinlinksequence,0.580041249593099
25,bookinginforesult,allowedlinedirections,0.6198259194691976
26,bookinginforesult,vehiclemodeid,0.599656860033671
27,bookinginforesult,prescribing,0.5930109024047852
28,bookinginforesultstructure,route,0.6201738754908244
29,bookinginforesultstructure,allowedlinedirections,0.6059205191476005
30,bookinginforesultstructure,pointinlinksequence,0.6021535055977958
31,bookinginfostructure,pointinlinksequence,0.6114922761917114
32,bookinginfostructure,allowedlinedirections,0.6085833549499512
33,bookinginfostructure,postaladdress,0.5839811960856119
34,bookingurl,linename,0.5237765312194824
35,bookingurl,timelink,0.5184115171432495
36,code,runtime,0.5665703217188517
37,code,linename,0.5076553821563721
38,condition,defaultdeadrunruntime,0.6069073677062988
39,condition,directiontypeold,0.5884335041046143
40,condition,prescribing,0.5812512636184692
41,datedjourneystructure,rhythmicaljourneygroup,0.7313744000026158
42,datedjourneystructure,datedblock,0.7248290777206421
43,datedjourneystructure,timingpointinjourneypattern,0.714522157396589
44,datedservicegroup,headwayjourneygroup,1.0
45,datedservicegroup,journeyfrequencygroup,0.7609215974807739
46,datedservicegroup,servicejourney,0.7424676418304443
47,deparrtime,timelink,0.5588624954223633
48,deparrtime,runtime,0.5225811004638672
49,deparrtime,linename,0.5204838275909424
50,destination,onroute,0.6906637079575482
51,destination,destinationstop,0.6745575991543856
52,destination,destinationdisplay,0.6708224773406982
53,destinationstoppointref,passingtimetimingpoint,0.7013469537099203
54,destinationstoppointref,destinationdisplay,0.6966385160173688
55,destinationstoppointref,destinationstop,0.6961795943123954
56,destinationtext,destinationstop,0.7043625513712565
57,destinationtext,destinationdisplay,0.7004035313924154
58,destinationtext,vehiclemodeid,0.6021207968393961
59,directionhint,directiontype,0.7607688426971435
60,directionhint,directiontypeold,0.7123748302459717
61,directionhint,aviewof,0.5748994648456573
62,distance,passengerconnection,0.5821682214736938
63,distance,vehiclejourneypart,0.5805361270904541
64,distance,allowedlinedirections,0.571963906288147
65,duration,minimumheadwayinterval,0.531651496887207
66,duration,time,0.525963306427002
67,endtime,time,0.7570955103093927
68,endtime,arrivaltime,0.7212426066398621
69,endtime,distancefromstart,0.7209099928538004
70,errormessage,viewedas,0.5607063273588817
71,errormessage,startingat,0.5321957468986511
72,errormessage,endingat,0.5321957468986511
73,errormessagestructure,accesszone,0.5990064144134521
74,errormessagestructure,timingpointinjourneypattern,0.5876978635787964
75,errormessagestructure,timedemandtype,0.5841928720474243
76,exclude,lastdayoffset,0.5244001547495524
77,exclude,arrivaldayoffset,0.5187391042709351
78,exclude,departuredayoffset,0.5187391042709351
79,facilitydescription,destinationdisplay,0.7568405866622925
80,facilitydescription,followsdeadruntime,0.6275461815021657
81,facilitydescription,composedof,0.6145033858440541
82,facilitystructure,servicefacilityset,0.7142396545410157
83,facilitystructure,vehiclejourney,0.607295902662499
84,facilitystructure,parkingpoint,0.5069668292999268
85,farezone,onroute,0.8329493204752604
86,farezone,routeonline,0.8018355369567871
87,farezone,journeypatternpoint,0.7896401286125183
88,farezonelistinareastructure,route,0.8112947245438893
89,farezonelistinareastructure,line-old,0.7909322679042816
90,farezonelistinareastructure,servicejourney,0.7896401286125183
91,farezonestructure,flexibleroute,0.7952407201131185
92,farezonestructure,servicejourneypattern,0.7896401286125183
93,farezonestructure,stoppointinjourneypattern,0.7896401286125183
94,farezonetext,timinglinkinjourneypattern,0.7896401286125183
95,farezonetext,timelink,0.5683231353759766
96,farezonetext,linename,0.5566789309183756
97,fromstopseqnumber,requeststop,0.7128863334655762
98,fromstopseqnumber,linenumber,0.6713504791259766
99,fromstopseqnumber,distancefromstart,0.5758869988577706
100,fromtriplegidref,layover,0.636143684387207
101,fromtriplegidref,timinglinkinjourneypattern,0.6164941787719727
102,generalattributestructure,route,0.5631330609321594
103,generalattributestructure,vehiclejourney,0.5505445679028829
104,generalattributestructure,journeypart,0.5257423520088196
105,geopositionstructure,boardingposition,0.7298888683319091
106,geopositionstructure,dynamicstopassignment,0.5766088366508484
107,geopositionstructure,topographicplace,0.557376503944397
108,individualroutelocationcontextstructure,farepointinjourneypattern,0.7986900806427002
109,individualroutelocationcontextstructure,flexibleroute,0.7601214647293091
110,individualroutelocationcontextstructure,stoppointinjourneypattern,0.7473374009132385
111,individualrouterequeststructure,farepointinjourneypattern,0.7963765462239584
112,individualrouterequeststructure,stoppointinjourneypattern,0.7456021904945374
113,individualrouterequeststructure,templateservicejourney,0.7456021904945374
114,individualtransportoptionsstructure,defaultdeadrunruntime,0.6005525588989258
115,individualtransportoptionsstructure,deadrunpattern,0.5881333351135254
116,individualtransportoptionsstructure,timedemandtype,0.5800864100456238
117,infourl,linename,0.5237765312194824
118,infourl,timelink,0.5140755517142159
119,infourl,date,0.5139487385749817
120,infrastructurefacilitystructure,servicefacilityset,0.7061319732666016
121,infrastructurefacilitystructure,infrastructurepoint,0.6306019331279554
122,infrastructurefacilitystructure,route,0.5836619138717651
123,interchangeleg,defaultinterchange,0.6240975200266078
124,interchangeleg,routeonline,0.5343849658966064
125,interchangelegstructure,vehiclejourney,0.7575122912724813
126,interchangelegstructure,route,0.6869716644287109
127,interchangelegstructure,journeypattern,0.683288288116455
128,interchanges,bordercrossing,0.5178501605987549
129,internationaltextstructure,direction-type),0.7271917521953583
130,internationaltextstructure,servicejourneypattern,0.6942423641681671
131,internationaltextstructure,journeypatternruntime,0.6561381022135417
132,journeyref,passengerjourney,0.7612584431966146
133,journeyref,vehiclejourney,0.7609425953456334
134,journeyref,vehiclejourneyroute,0.7592419215611049
135,journeyrefstructure,vehiclejourney,0.7551513399396624
136,journeyrefstructure,servicejourneypattern,0.7479164940970284
137,journeyrefstructure,headwayjourneygroup,0.7465816225324359
138,language,linename,0.5043324828147888
139,language,date,0.5037463903427124
140,language,timelink,0.5011216402053833
141,legdescription,prescribing,0.5046718120574951
142,legdescription,vehiclemodeid,0.5002528429031372
143,legend,endsconnectiondefault,0.7500904401143392
144,legend,endsconnection,0.6912767887115479
145,legend,endingat,0.6483823231288365
146,legid,date,0.6363699436187744
147,legid,linename,0.5930581092834473
148,legid,arrivaldayoffset,0.5568448305130005
149,legstart,scheduledstoppoint,0.6853947639465332
150,legstart,startingat,0.6697239875793457
151,legstart,beginsconnection,0.6421090364456177
152,length,operatedby,0.5954862833023071
153,length,online,0.5862003564834595
154,length,accesspts,0.5659952759742737
155,linkdistance,endsconnection,0.6823487877845764
156,linkdistance,beginsconnection,0.6697301387786865
157,linkdistance,inlinksequence,0.6679168114295373
158,location,destinationdisplay,0.6366245406014579
159,location,defaultdeadrunruntime,0.6028063893318176
160,location,vehiclejourneyruntimeoverrides,0.5952568054199219
161,locationdescription,destinationdisplay,0.6558283567428589
162,locationdescription,followsdeadruntime,0.6275461815021657
163,locationdescription,composedof,0.6145033858440541
164,locationname,destinationdisplay,0.6724051237106323
165,locationname,destinationstop,0.5251413583755493
166,locationref,destinationdisplay,0.6858852704366049
167,locationref,journeypatternadvertisedfor,0.6448260148366292
168,locationref,primarilyadvertisedwith,0.6448260148366292
169,locationrefstructure,destinationdisplay,0.696372906366984
170,locationrefstructure,timinglink,0.5468921746526445
171,locationrefstructure,operatingday,0.5269432663917542
172,maxduration,maximumheadwayinterval,0.653008759021759
173,maxduration,minimumheadwayinterval,0.5719371438026428
174,maxduration,time,0.525963306427002
175,mindistance,accesspts,0.6121885511610243
176,mindistance,vehiclemodeid,0.6120712280273437
177,mindistance,allowedlinedirections,0.5898262977600097
178,minduration,waitpoint,0.5974866260181774
179,minduration,arrivaldayoffset,0.5823270877202352
180,minduration,timelink,0.5744319558143616
181,mode,accessmode,0.6949009433869393
182,mode,vehiclemodeid,0.6550167828071408
183,mode,allowedlinedirections,0.6267909057000104
184,navigationpath,directiontype,0.824043353398641
185,navigationpath,followsjourneypattern,0.824043353398641
186,navigationpath,onroute,0.6966415405273437
187,navigationpathstructure,pointonroute,0.7004013856252035
188,navigationpathstructure,stoppointinjourneypattern,0.6969072553846571
189,navigationpathstructure,templateservicejourney,0.6969072553846571
190,navigationsection,allowedlinedirections,0.6286660826206207
191,navigationsection,journeypatternpoint,0.6121452550093334
192,navigationsection,allowedlinedirections,0.5990837216377258
193,navigationsectionstructure,allowedlinedirections,0.6286660826206207
194,navigationsectionstructure,destinationdisplay,0.6183086236317952
195,navigationsectionstructure,pointinlinksequence,0.5991754531860352
196,operatingdayrefstructure,operatingday,0.5893018245697021
197,operatorrefstructure,operator,0.695072227054172
198,origin,onroute,0.6906637079575482
199,origin,journeypatternmadeupof,0.6703082621097565
200,origin,originstop,0.6587291933455557
201,progressbetweenstops,destinationstop,0.7006376584370931
202,progressbetweenstops,originstop,0.6897348403930664
203,progressbetweenstops,stopuse,0.6820821762084961
204,progressbetweenstopsstructure,headwayinterval,0.7295915603637695
205,progressbetweenstopsstructure,headwayjourneygroup,0.7134710947672526
206,progressbetweenstopsstructure,scheduledstoppoint,0.687338105722326
207,publishedlinename,online,0.7547929286956787
208,publishedlinename,routeonline,0.7225919961929321
209,publishedlinename,allowedlinedirections,0.6593278884887696
210,routedescription,directiontype,0.796639621257782
211,routedescription,followsjourneypattern,0.796639621257782
212,routedescription,journeypatternadvertisedfor,0.7307408452033997
213,routeid,timinglinkinjourneypattern,0.6787990842546735
214,routeid,date,0.6363699436187744
215,routeid,linename,0.5930581092834473
216,routestructure,flexibleroute,0.7211270332336426
217,routestructure,farepointinjourneypattern,0.7056775887807211
218,routestructure,stoppointinjourneypattern,0.6981706619262695
219,scope,prescribing,0.5697485208511353
220,scope,vehiclejourneyruntimeoverrides,0.5592312216758728
221,scope,defaultdeadrunruntime,0.5533840656280518
222,service,servicejourneyusingpattern,0.6310359514676608
223,service,servicejourneyservedbyvehiclejourney,0.6296330965482272
224,serviceattributestructure,servicejourney,0.7446096738179525
225,serviceattributestructure,servicefacilityset,0.7293412685394287
226,serviceattributestructure,servicecalendar,0.7262142499287924
227,servicedestination,servicejourney,0.7433370590209961
228,servicedestination,templateservicejourney,0.7110714912414551
229,servicedestination,servicecalendar,0.7081173896789551
230,servicegroup,headwayjourneygroup,0.7224171757698059
231,servicegroup,journeyfrequencygroup,0.6823023796081543
232,servicegroup,servicefacilityset,0.6690378824869792
233,servicesectionstructure,vehicle,0.7580469676426479
234,servicesectionstructure,servicejourney,0.7407404184341431
235,servicesectionstructure,servicejourney,0.738185201372419
236,servicestatus,templateservicejourney,0.6951895554860433
237,servicestatus,servicejourneypattern,0.6904675165812174
238,servicestatus,defaultservicejourneyruntime,0.6881827513376871
239,starttime,departuredayoffset,0.7564594745635986
240,starttime,timelink,0.7143906354904175
241,starttime,serviceday,0.6982110142707825
242,stoppoint,farepointinjourneypattern,0.8857805728912354
243,stoppoint,timingpointinjourneypattern,0.8857805728912354
244,stoppoint,infrastructurepoint,0.7980151971181234
245,stoppointcode,passingtimetimingpoint,0.7288955052693685
246,stoppointcode,journeypatternpoint,0.7130286693572998
247,stoppointcode,originstop,0.6976143519083658
248,stoppointcodetype,requeststop,0.7124803543090821
249,stoppointcodetype,waitpoint,0.6958077549934387
250,stoppointcodetype,timinglinkpointsequence,0.6459286212921143
251,stoppointrefstructure,journeypattern,0.7429605722427368
252,stoppointrefstructure,stopassignment,0.7015405654907226
253,stoppointrefstructure,passengerstopassignment,0.7009909152984619
254,stopseqintervalgroup,passengerstopassignment,0.7820093035697937
255,stopseqintervalgroup,stopassignment,0.7421871423721313
256,stopseqintervalgroup,scheduledstoppoint,0.7364352941513062
257,stopseqnumber,requeststop,0.7184751510620118
258,stopseqnumber,linenumber,0.6710828145345052
259,stopseqnumber,runtime,0.6025525331497192
260,text,vehiclemodeid,0.5965256690979004
261,text,aviewof,0.578930526971817
262,text,timelink,0.5784901512993706
263,textid,linename,0.5782331057957241
264,textid,date,0.5752073129018148
265,textid,timelink,0.5681243896484375
266,tripid,layover,0.6445112789378447
267,tripid,date,0.6363699436187744
268,tripid,timinglinkinjourneypattern,0.6020054817199707
269,tripleg,trip,0.6688944794410883
270,tripleg,journeypatternruntime,0.6571022510528565
271,tripleg,trip,0.6559336126000983
272,triplegidref,layover,0.5188994407653809
273,triplegrangegroup,rhythmicaljourneygroup,0.6865881284077963
274,triplegrangegroup,trip,0.6714732430197976
275,triplegrangegroup,timingpointinjourneypattern,0.666927178700765
276,triplegstructure,trip,0.6761776152111235
277,triplegstructure,servicejourney,0.6694720619096913
278,triplegstructure,rhythmicaljourneygroup,0.668202797571818
279,tripstructure,trip,0.6700496443782944
280,tripstructure,farepointinjourneypattern,0.66151474617623
281,tripstructure,rhythmicaljourneygroup,0.6585932970046997
282,turndescription,allowedlinedirections,0.6041907668113708
283,turndescription,aviewof,0.5748994648456573
284,turndescription,vehiclejourneyruntimeoverrides,0.5713174343109131
285,vehiclefacility,vehiclejourneyroute,0.7511811786227756
286,vehiclefacility,vehiclejourneyruntimeoverrides,0.7178605927361382
287,vehiclefacility,vehiclemodeid,0.7121315869418058
288,vehiclefacilitystructure,timetabledvehiclejourney,0.7441120147705078
289,vehiclefacilitystructure,monitoredvehiclejourney,0.720071099021218
290,vehiclefacilitystructure,templatevehiclejourney,0.718900203704834
291,vehiclepositionstructure,boardingposition,0.7418776154518127
292,vehiclepositionstructure,timetabledvehiclejourney,0.7413029670715332
293,vehiclepositionstructure,monitoredvehiclejourney,0.738665246963501
294,vehicleref,vehiclejourney,0.7253624796867371
295,vehicleref,vehiclejourneyroute,0.7186646461486816
296,vehicleref,vehiclejourneypart,0.7094403107961019
297,vehiclerefstructure,vehiclejourney,0.7571389334542411
298,vehiclerefstructure,vehicle,0.7443341475266677
299,vehiclerefstructure,templatevehiclejourney,0.7407503128051758
300,via,allowedlinedirections,0.6526361353257123
301,via,aviewof,0.60150545835495
302,via,vehiclejourneyruntimeoverrides,0.5796256065368652
303,viapoint,scheduledstoppoint,0.7625951766967773
304,viapoint,journeypatternpoint,0.7478567759195963
305,viapoint,passingtimetimingpoint,0.6612576484680176
306,viastructure,pointinlinksequence,0.6812022924423218
307,viastructure,pointinjourneypattern,0.6263587077458699
308,viastructure,allowedlinedirections,0.6219854354858398
